node,t,T,H,x,y
0,0,10.97,66.05,0.0,0.0
0,1,10.32,66.29,0.0,0.0
0,2,11.19,61.85,0.0,0.0
0,3,10.94,60.32,0.0,0.0
0,4,11.08,64.12,0.0,0.0
0,5,10.63,69.06,0.0,0.0
0,6,10.53,69.89,0.0,0.0
0,7,11.03,65.99,0.0,0.0
0,8,10.33,66.88,0.0,0.0
0,9,9.48,67.88,0.0,0.0
0,10,9.43,61.91,0.0,0.0
0,11,10.31,57.51,0.0,0.0
0,12,12.44,48.88,0.0,0.0
0,13,10.22,51.64,0.0,0.0
0,14,10.76,48.95,0.0,0.0
0,15,11.52,49.59,0.0,0.0
0,16,11.23,56.22,0.0,0.0
0,17,11.85,59.22,0.0,0.0
0,18,12.74,54.72,0.0,0.0
0,19,11.2,58.76,0.0,0.0
0,20,10.03,59.65,0.0,0.0
0,21,10.84,51.36,0.0,0.0
0,22,10.73,52.02,0.0,0.0
0,23,9.96,56.29,0.0,0.0
0,24,10.03,54.78,0.0,0.0
0,25,12.47,52.04,0.0,0.0
0,26,13.66,56.31,0.0,0.0
0,27,15.36,49.89,0.0,0.0
0,28,13.85,52.85,0.0,0.0
0,29,14.5,53.96,0.0,0.0
0,30,14.44,63.87,0.0,0.0
0,31,12.75,83.87,0.0,0.0
0,32,11.25,67.79,0.0,0.0
0,33,12.27,54.61,0.0,0.0
0,34,13.51,74.39,0.0,0.0
0,35,11.49,68.47,0.0,0.0
0,36,10.81,51.83,0.0,0.0
0,37,11.26,50.49,0.0,0.0
0,38,9.76,54.44,0.0,0.0
0,39,12.94,43.05,0.0,0.0
0,40,14.45,41.05,0.0,0.0
0,41,14.28,46.83,0.0,0.0
0,42,14.81,48.32,0.0,0.0
0,43,15.68,47.46,0.0,0.0
0,44,15.23,52.13,0.0,0.0
0,45,15.53,45.17,0.0,0.0
0,46,16.68,36.99,0.0,0.0
0,47,16.97,37.17,0.0,0.0
0,48,16.32,47.22,0.0,0.0
0,49,18.5,49.18,0.0,0.0
0,50,16.4,63.2,0.0,0.0
0,51,15.25,57.42,0.0,0.0
0,52,14.84,47.33,0.0,0.0
0,53,14.41,40.91,0.0,0.0
0,54,14.8,35.59,0.0,0.0
0,55,14.17,42.3,0.0,0.0
0,56,13.68,45.31,0.0,0.0
0,57,13.88,49.43,0.0,0.0
0,58,15.56,47.69,0.0,0.0
0,59,16.65,52.96,0.0,0.0
0,60,17.72,56.59,0.0,0.0
0,61,17.43,75.14,0.0,0.0
0,62,12.68,52.21,0.0,0.0
0,63,11.63,43.42,0.0,0.0
0,64,12.56,45.0,0.0,0.0
0,65,13.92,44.13,0.0,0.0
0,66,16.11,45.38,0.0,0.0
0,67,16.48,47.01,0.0,0.0
0,68,17.62,45.87,0.0,0.0
0,69,19.19,39.39,0.0,0.0
0,70,20.61,37.55,0.0,0.0
0,71,20.99,40.85,0.0,0.0
0,72,20.22,42.23,0.0,0.0
0,73,19.27,50.15,0.0,0.0
0,74,19.1,46.84,0.0,0.0
0,75,19.68,36.93,0.0,0.0
0,76,20.66,38.39,0.0,0.0
0,77,21.93,38.31,0.0,0.0
0,78,22.79,38.27,0.0,0.0
0,79,24.01,37.16,0.0,0.0
0,80,23.85,34.87,0.0,0.0
0,81,23.8,43.72,0.0,0.0
0,82,24.76,42.01,0.0,0.0
0,83,23.59,39.94,0.0,0.0
0,84,23.84,39.73,0.0,0.0
0,85,25.9,39.21,0.0,0.0
0,86,25.59,44.11,0.0,0.0
0,87,25.22,55.72,0.0,0.0
0,88,27.15,54.45,0.0,0.0
0,89,25.52,58.4,0.0,0.0
0,90,25.12,46.48,0.0,0.0
0,91,23.0,41.54,0.0,0.0
0,92,24.06,36.51,0.0,0.0
0,93,27.0,32.96,0.0,0.0
0,94,25.77,34.29,0.0,0.0
0,95,25.21,35.5,0.0,0.0
0,96,24.88,32.83,0.0,0.0
0,97,26.23,28.6,0.0,0.0
0,98,26.86,27.87,0.0,0.0
0,99,27.71,24.89,0.0,0.0
0,100,27.88,27.82,0.0,0.0
0,101,28.57,31.2,0.0,0.0
0,102,28.84,31.28,0.0,0.0
0,103,29.01,35.48,0.0,0.0
0,104,24.93,53.64,0.0,0.0
0,105,27.64,46.9,0.0,0.0
0,106,27.71,43.33,0.0,0.0
0,107,26.18,40.37,0.0,0.0
0,108,29.2,32.53,0.0,0.0
0,109,28.9,33.57,0.0,0.0
0,110,26.99,45.68,0.0,0.0
0,111,28.38,38.9,0.0,0.0
0,112,28.83,33.72,0.0,0.0
0,113,28.77,35.69,0.0,0.0
0,114,28.33,34.54,0.0,0.0
0,115,30.27,32.7,0.0,0.0
0,116,31.92,28.37,0.0,0.0
0,117,29.79,37.42,0.0,0.0
0,118,29.44,36.24,0.0,0.0
0,119,25.35,47.82,0.0,0.0
0,120,26.27,39.21,0.0,0.0
0,121,24.02,36.91,0.0,0.0
1,0,10.97,66.05,4.775989265258891,5.528700000000079
1,1,10.32,66.29,4.775989265258891,5.528700000000079
1,2,11.19,61.85,4.775989265258891,5.528700000000079
1,3,10.94,60.32,4.775989265258891,5.528700000000079
1,4,11.08,64.12,4.775989265258891,5.528700000000079
1,5,10.63,69.06,4.775989265258891,5.528700000000079
1,6,10.53,69.89,4.775989265258891,5.528700000000079
1,7,11.03,65.99,4.775989265258891,5.528700000000079
1,8,10.33,66.88,4.775989265258891,5.528700000000079
1,9,9.48,67.88,4.775989265258891,5.528700000000079
1,10,9.43,61.91,4.775989265258891,5.528700000000079
1,11,10.31,57.51,4.775989265258891,5.528700000000079
1,12,12.44,48.88,4.775989265258891,5.528700000000079
1,13,10.22,51.64,4.775989265258891,5.528700000000079
1,14,10.76,48.95,4.775989265258891,5.528700000000079
1,15,11.52,49.59,4.775989265258891,5.528700000000079
1,16,11.23,56.22,4.775989265258891,5.528700000000079
1,17,11.85,59.22,4.775989265258891,5.528700000000079
1,18,12.74,54.72,4.775989265258891,5.528700000000079
1,19,11.2,58.76,4.775989265258891,5.528700000000079
1,20,10.03,59.65,4.775989265258891,5.528700000000079
1,21,10.84,51.36,4.775989265258891,5.528700000000079
1,22,10.73,52.02,4.775989265258891,5.528700000000079
1,23,9.96,56.29,4.775989265258891,5.528700000000079
1,24,10.03,54.78,4.775989265258891,5.528700000000079
1,25,12.47,52.04,4.775989265258891,5.528700000000079
1,26,13.66,56.31,4.775989265258891,5.528700000000079
1,27,15.36,49.89,4.775989265258891,5.528700000000079
1,28,13.85,52.85,4.775989265258891,5.528700000000079
1,29,14.5,53.96,4.775989265258891,5.528700000000079
1,30,14.44,63.87,4.775989265258891,5.528700000000079
1,31,12.75,83.87,4.775989265258891,5.528700000000079
1,32,11.25,67.79,4.775989265258891,5.528700000000079
1,33,12.27,54.61,4.775989265258891,5.528700000000079
1,34,13.51,74.39,4.775989265258891,5.528700000000079
1,35,11.49,68.47,4.775989265258891,5.528700000000079
1,36,10.81,51.83,4.775989265258891,5.528700000000079
1,37,11.26,50.49,4.775989265258891,5.528700000000079
1,38,9.76,54.44,4.775989265258891,5.528700000000079
1,39,12.94,43.05,4.775989265258891,5.528700000000079
1,40,14.45,41.05,4.775989265258891,5.528700000000079
1,41,14.28,46.83,4.775989265258891,5.528700000000079
1,42,14.81,48.32,4.775989265258891,5.528700000000079
1,43,15.68,47.46,4.775989265258891,5.528700000000079
1,44,15.23,52.13,4.775989265258891,5.528700000000079
1,45,15.53,45.17,4.775989265258891,5.528700000000079
1,46,16.68,36.99,4.775989265258891,5.528700000000079
1,47,16.97,37.17,4.775989265258891,5.528700000000079
1,48,16.32,47.22,4.775989265258891,5.528700000000079
1,49,18.5,49.18,4.775989265258891,5.528700000000079
1,50,16.4,63.2,4.775989265258891,5.528700000000079
1,51,15.25,57.42,4.775989265258891,5.528700000000079
1,52,14.84,47.33,4.775989265258891,5.528700000000079
1,53,14.41,40.91,4.775989265258891,5.528700000000079
1,54,14.8,35.59,4.775989265258891,5.528700000000079
1,55,14.17,42.3,4.775989265258891,5.528700000000079
1,56,13.68,45.31,4.775989265258891,5.528700000000079
1,57,13.88,49.43,4.775989265258891,5.528700000000079
1,58,15.56,47.69,4.775989265258891,5.528700000000079
1,59,16.65,52.96,4.775989265258891,5.528700000000079
1,60,17.72,56.59,4.775989265258891,5.528700000000079
1,61,17.43,75.14,4.775989265258891,5.528700000000079
1,62,12.68,52.21,4.775989265258891,5.528700000000079
1,63,11.63,43.42,4.775989265258891,5.528700000000079
1,64,12.56,45.0,4.775989265258891,5.528700000000079
1,65,13.92,44.13,4.775989265258891,5.528700000000079
1,66,16.11,45.38,4.775989265258891,5.528700000000079
1,67,16.48,47.01,4.775989265258891,5.528700000000079
1,68,17.62,45.87,4.775989265258891,5.528700000000079
1,69,19.19,39.39,4.775989265258891,5.528700000000079
1,70,20.61,37.55,4.775989265258891,5.528700000000079
1,71,20.99,40.85,4.775989265258891,5.528700000000079
1,72,20.22,42.23,4.775989265258891,5.528700000000079
1,73,19.27,50.15,4.775989265258891,5.528700000000079
1,74,19.1,46.84,4.775989265258891,5.528700000000079
1,75,19.68,36.93,4.775989265258891,5.528700000000079
1,76,20.66,38.39,4.775989265258891,5.528700000000079
1,77,21.93,38.31,4.775989265258891,5.528700000000079
1,78,22.79,38.27,4.775989265258891,5.528700000000079
1,79,24.01,37.16,4.775989265258891,5.528700000000079
1,80,23.85,34.87,4.775989265258891,5.528700000000079
1,81,23.8,43.72,4.775989265258891,5.528700000000079
1,82,24.76,42.01,4.775989265258891,5.528700000000079
1,83,23.59,39.94,4.775989265258891,5.528700000000079
1,84,23.84,39.73,4.775989265258891,5.528700000000079
1,85,25.9,39.21,4.775989265258891,5.528700000000079
1,86,25.59,44.11,4.775989265258891,5.528700000000079
1,87,25.22,55.72,4.775989265258891,5.528700000000079
1,88,27.15,54.45,4.775989265258891,5.528700000000079
1,89,25.52,58.4,4.775989265258891,5.528700000000079
1,90,25.12,46.48,4.775989265258891,5.528700000000079
1,91,23.0,41.54,4.775989265258891,5.528700000000079
1,92,24.06,36.51,4.775989265258891,5.528700000000079
1,93,27.0,32.96,4.775989265258891,5.528700000000079
1,94,25.77,34.29,4.775989265258891,5.528700000000079
1,95,25.21,35.5,4.775989265258891,5.528700000000079
1,96,24.88,32.83,4.775989265258891,5.528700000000079
1,97,26.23,28.6,4.775989265258891,5.528700000000079
1,98,26.86,27.87,4.775989265258891,5.528700000000079
1,99,27.71,24.89,4.775989265258891,5.528700000000079
1,100,27.88,27.82,4.775989265258891,5.528700000000079
1,101,28.57,31.2,4.775989265258891,5.528700000000079
1,102,28.84,31.28,4.775989265258891,5.528700000000079
1,103,29.01,35.48,4.775989265258891,5.528700000000079
1,104,24.93,53.64,4.775989265258891,5.528700000000079
1,105,27.64,46.9,4.775989265258891,5.528700000000079
1,106,27.71,43.33,4.775989265258891,5.528700000000079
1,107,26.18,40.37,4.775989265258891,5.528700000000079
1,108,29.2,32.53,4.775989265258891,5.528700000000079
1,109,28.9,33.57,4.775989265258891,5.528700000000079
1,110,26.99,45.68,4.775989265258891,5.528700000000079
1,111,28.38,38.9,4.775989265258891,5.528700000000079
1,112,28.83,33.72,4.775989265258891,5.528700000000079
1,113,28.77,35.69,4.775989265258891,5.528700000000079
1,114,28.33,34.54,4.775989265258891,5.528700000000079
1,115,30.27,32.7,4.775989265258891,5.528700000000079
1,116,31.92,28.37,4.775989265258891,5.528700000000079
1,117,29.79,37.42,4.775989265258891,5.528700000000079
1,118,29.44,36.24,4.775989265258891,5.528700000000079
1,119,25.35,47.82,4.775989265258891,5.528700000000079
1,120,26.27,39.21,4.775989265258891,5.528700000000079
1,121,24.02,36.91,4.775989265258891,5.528700000000079
2,0,11.82,65.78,9.551978530516426,11.057400000000158
2,1,11.26,64.19,9.551978530516426,11.057400000000158
2,2,13.13,51.39,9.551978530516426,11.057400000000158
2,3,12.45,50.52,9.551978530516426,11.057400000000158
2,4,12.36,52.52,9.551978530516426,11.057400000000158
2,5,11.33,56.08,9.551978530516426,11.057400000000158
2,6,11.75,56.02,9.551978530516426,11.057400000000158
2,7,12.68,51.13,9.551978530516426,11.057400000000158
2,8,12.07,56.51,9.551978530516426,11.057400000000158
2,9,10.35,62.5,9.551978530516426,11.057400000000158
2,10,10.05,59.46,9.551978530516426,11.057400000000158
2,11,10.84,56.28,9.551978530516426,11.057400000000158
2,12,12.71,49.98,9.551978530516426,11.057400000000158
2,13,10.86,51.55,9.551978530516426,11.057400000000158
2,14,11.36,48.53,9.551978530516426,11.057400000000158
2,15,12.98,44.96,9.551978530516426,11.057400000000158
2,16,12.66,51.74,9.551978530516426,11.057400000000158
2,17,12.31,57.8,9.551978530516426,11.057400000000158
2,18,13.06,54.36,9.551978530516426,11.057400000000158
2,19,11.44,57.73,9.551978530516426,11.057400000000158
2,20,10.39,59.56,9.551978530516426,11.057400000000158
2,21,11.16,51.74,9.551978530516426,11.057400000000158
2,22,11.4,49.62,9.551978530516426,11.057400000000158
2,23,10.89,53.81,9.551978530516426,11.057400000000158
2,24,11.3,54.22,9.551978530516426,11.057400000000158
2,25,13.49,49.99,9.551978530516426,11.057400000000158
2,26,14.57,52.96,9.551978530516426,11.057400000000158
2,27,16.04,48.21,9.551978530516426,11.057400000000158
2,28,14.67,51.11,9.551978530516426,11.057400000000158
2,29,14.92,51.08,9.551978530516426,11.057400000000158
2,30,14.84,59.66,9.551978530516426,11.057400000000158
2,31,12.94,80.51,9.551978530516426,11.057400000000158
2,32,12.08,62.29,9.551978530516426,11.057400000000158
2,33,12.89,50.79,9.551978530516426,11.057400000000158
2,34,14.06,72.73,9.551978530516426,11.057400000000158
2,35,12.2,70.28,9.551978530516426,11.057400000000158
2,36,10.73,57.86,9.551978530516426,11.057400000000158
2,37,11.47,50.7,9.551978530516426,11.057400000000158
2,38,11.01,50.8,9.551978530516426,11.057400000000158
2,39,13.28,42.71,9.551978530516426,11.057400000000158
2,40,14.85,42.0,9.551978530516426,11.057400000000158
2,41,14.97,46.09,9.551978530516426,11.057400000000158
2,42,16.14,46.38,9.551978530516426,11.057400000000158
2,43,16.73,47.74,9.551978530516426,11.057400000000158
2,44,16.26,48.62,9.551978530516426,11.057400000000158
2,45,16.0,46.88,9.551978530516426,11.057400000000158
2,46,16.47,40.15,9.551978530516426,11.057400000000158
2,47,17.03,39.32,9.551978530516426,11.057400000000158
2,48,17.29,45.65,9.551978530516426,11.057400000000158
2,49,19.37,43.03,9.551978530516426,11.057400000000158
2,50,17.45,54.27,9.551978530516426,11.057400000000158
2,51,15.75,49.43,9.551978530516426,11.057400000000158
2,52,14.95,44.59,9.551978530516426,11.057400000000158
2,53,14.4,40.19,9.551978530516426,11.057400000000158
2,54,14.7,36.89,9.551978530516426,11.057400000000158
2,55,14.27,41.54,9.551978530516426,11.057400000000158
2,56,14.29,40.94,9.551978530516426,11.057400000000158
2,57,14.3,50.33,9.551978530516426,11.057400000000158
2,58,15.96,49.27,9.551978530516426,11.057400000000158
2,59,17.15,49.46,9.551978530516426,11.057400000000158
2,60,18.82,53.55,9.551978530516426,11.057400000000158
2,61,18.26,69.7,9.551978530516426,11.057400000000158
2,62,14.1,64.82,9.551978530516426,11.057400000000158
2,63,12.38,48.2,9.551978530516426,11.057400000000158
2,64,13.25,47.76,9.551978530516426,11.057400000000158
2,65,14.56,46.38,9.551978530516426,11.057400000000158
2,66,16.37,47.26,9.551978530516426,11.057400000000158
2,67,16.71,46.69,9.551978530516426,11.057400000000158
2,68,17.86,46.46,9.551978530516426,11.057400000000158
2,69,19.47,42.01,9.551978530516426,11.057400000000158
2,70,20.69,40.39,9.551978530516426,11.057400000000158
2,71,21.14,42.32,9.551978530516426,11.057400000000158
2,72,19.45,47.41,9.551978530516426,11.057400000000158
2,73,19.46,50.08,9.551978530516426,11.057400000000158
2,74,19.81,45.82,9.551978530516426,11.057400000000158
2,75,20.47,36.42,9.551978530516426,11.057400000000158
2,76,21.41,37.24,9.551978530516426,11.057400000000158
2,77,22.4,38.16,9.551978530516426,11.057400000000158
2,78,22.68,40.4,9.551978530516426,11.057400000000158
2,79,23.72,38.56,9.551978530516426,11.057400000000158
2,80,23.3,39.15,9.551978530516426,11.057400000000158
2,81,23.68,45.03,9.551978530516426,11.057400000000158
2,82,24.56,42.16,9.551978530516426,11.057400000000158
2,83,23.53,38.48,9.551978530516426,11.057400000000158
2,84,23.69,39.62,9.551978530516426,11.057400000000158
2,85,25.78,39.12,9.551978530516426,11.057400000000158
2,86,25.86,41.47,9.551978530516426,11.057400000000158
2,87,26.37,48.28,9.551978530516426,11.057400000000158
2,88,27.47,50.42,9.551978530516426,11.057400000000158
2,89,26.19,54.52,9.551978530516426,11.057400000000158
2,90,25.7,42.06,9.551978530516426,11.057400000000158
2,91,22.85,45.83,9.551978530516426,11.057400000000158
2,92,23.9,39.76,9.551978530516426,11.057400000000158
2,93,26.82,34.12,9.551978530516426,11.057400000000158
2,94,25.91,33.38,9.551978530516426,11.057400000000158
2,95,25.48,34.41,9.551978530516426,11.057400000000158
2,96,24.86,32.67,9.551978530516426,11.057400000000158
2,97,25.75,30.62,9.551978530516426,11.057400000000158
2,98,26.43,29.37,9.551978530516426,11.057400000000158
2,99,26.94,28.28,9.551978530516426,11.057400000000158
2,100,27.38,29.3,9.551978530516426,11.057400000000158
2,101,28.1,31.42,9.551978530516426,11.057400000000158
2,102,28.62,31.12,9.551978530516426,11.057400000000158
2,103,29.1,34.89,9.551978530516426,11.057400000000158
2,104,25.06,52.77,9.551978530516426,11.057400000000158
2,105,27.73,46.43,9.551978530516426,11.057400000000158
2,106,27.7,43.57,9.551978530516426,11.057400000000158
2,107,25.98,40.25,9.551978530516426,11.057400000000158
2,108,28.55,33.03,9.551978530516426,11.057400000000158
2,109,29.1,34.65,9.551978530516426,11.057400000000158
2,110,27.0,42.64,9.551978530516426,11.057400000000158
2,111,28.24,39.07,9.551978530516426,11.057400000000158
2,112,28.38,34.81,9.551978530516426,11.057400000000158
2,113,28.62,33.44,9.551978530516426,11.057400000000158
2,114,28.09,34.95,9.551978530516426,11.057400000000158
2,115,29.74,32.99,9.551978530516426,11.057400000000158
2,116,31.12,28.93,9.551978530516426,11.057400000000158
2,117,29.35,38.05,9.551978530516426,11.057400000000158
2,118,28.67,37.74,9.551978530516426,11.057400000000158
2,119,25.18,49.2,9.551978530516426,11.057400000000158
2,120,26.58,38.02,9.551978530516426,11.057400000000158
2,121,23.93,38.43,9.551978530516426,11.057400000000158
3,0,11.82,65.78,14.32796779577396,16.586100000000236
3,1,11.26,64.19,14.32796779577396,16.586100000000236
3,2,13.13,51.39,14.32796779577396,16.586100000000236
3,3,12.45,50.52,14.32796779577396,16.586100000000236
3,4,12.36,52.52,14.32796779577396,16.586100000000236
3,5,11.33,56.08,14.32796779577396,16.586100000000236
3,6,11.75,56.02,14.32796779577396,16.586100000000236
3,7,12.68,51.13,14.32796779577396,16.586100000000236
3,8,12.07,56.51,14.32796779577396,16.586100000000236
3,9,10.35,62.5,14.32796779577396,16.586100000000236
3,10,10.05,59.46,14.32796779577396,16.586100000000236
3,11,10.84,56.28,14.32796779577396,16.586100000000236
3,12,12.71,49.98,14.32796779577396,16.586100000000236
3,13,10.86,51.55,14.32796779577396,16.586100000000236
3,14,11.36,48.53,14.32796779577396,16.586100000000236
3,15,12.98,44.96,14.32796779577396,16.586100000000236
3,16,12.66,51.74,14.32796779577396,16.586100000000236
3,17,12.31,57.8,14.32796779577396,16.586100000000236
3,18,13.06,54.36,14.32796779577396,16.586100000000236
3,19,11.44,57.73,14.32796779577396,16.586100000000236
3,20,10.39,59.56,14.32796779577396,16.586100000000236
3,21,11.16,51.74,14.32796779577396,16.586100000000236
3,22,11.4,49.62,14.32796779577396,16.586100000000236
3,23,10.89,53.81,14.32796779577396,16.586100000000236
3,24,11.3,54.22,14.32796779577396,16.586100000000236
3,25,13.49,49.99,14.32796779577396,16.586100000000236
3,26,14.57,52.96,14.32796779577396,16.586100000000236
3,27,16.04,48.21,14.32796779577396,16.586100000000236
3,28,14.67,51.11,14.32796779577396,16.586100000000236
3,29,14.92,51.08,14.32796779577396,16.586100000000236
3,30,14.84,59.66,14.32796779577396,16.586100000000236
3,31,12.94,80.51,14.32796779577396,16.586100000000236
3,32,12.08,62.29,14.32796779577396,16.586100000000236
3,33,12.89,50.79,14.32796779577396,16.586100000000236
3,34,14.06,72.73,14.32796779577396,16.586100000000236
3,35,12.2,70.28,14.32796779577396,16.586100000000236
3,36,10.73,57.86,14.32796779577396,16.586100000000236
3,37,11.47,50.7,14.32796779577396,16.586100000000236
3,38,11.01,50.8,14.32796779577396,16.586100000000236
3,39,13.28,42.71,14.32796779577396,16.586100000000236
3,40,14.85,42.0,14.32796779577396,16.586100000000236
3,41,14.97,46.09,14.32796779577396,16.586100000000236
3,42,16.14,46.38,14.32796779577396,16.586100000000236
3,43,16.73,47.74,14.32796779577396,16.586100000000236
3,44,16.26,48.62,14.32796779577396,16.586100000000236
3,45,16.0,46.88,14.32796779577396,16.586100000000236
3,46,16.47,40.15,14.32796779577396,16.586100000000236
3,47,17.03,39.32,14.32796779577396,16.586100000000236
3,48,17.29,45.65,14.32796779577396,16.586100000000236
3,49,19.37,43.03,14.32796779577396,16.586100000000236
3,50,17.45,54.27,14.32796779577396,16.586100000000236
3,51,15.75,49.43,14.32796779577396,16.586100000000236
3,52,14.95,44.59,14.32796779577396,16.586100000000236
3,53,14.4,40.19,14.32796779577396,16.586100000000236
3,54,14.7,36.89,14.32796779577396,16.586100000000236
3,55,14.27,41.54,14.32796779577396,16.586100000000236
3,56,14.29,40.94,14.32796779577396,16.586100000000236
3,57,14.3,50.33,14.32796779577396,16.586100000000236
3,58,15.96,49.27,14.32796779577396,16.586100000000236
3,59,17.15,49.46,14.32796779577396,16.586100000000236
3,60,18.82,53.55,14.32796779577396,16.586100000000236
3,61,18.26,69.7,14.32796779577396,16.586100000000236
3,62,14.1,64.82,14.32796779577396,16.586100000000236
3,63,12.38,48.2,14.32796779577396,16.586100000000236
3,64,13.25,47.76,14.32796779577396,16.586100000000236
3,65,14.56,46.38,14.32796779577396,16.586100000000236
3,66,16.37,47.26,14.32796779577396,16.586100000000236
3,67,16.71,46.69,14.32796779577396,16.586100000000236
3,68,17.86,46.46,14.32796779577396,16.586100000000236
3,69,19.47,42.01,14.32796779577396,16.586100000000236
3,70,20.69,40.39,14.32796779577396,16.586100000000236
3,71,21.14,42.32,14.32796779577396,16.586100000000236
3,72,19.45,47.41,14.32796779577396,16.586100000000236
3,73,19.46,50.08,14.32796779577396,16.586100000000236
3,74,19.81,45.82,14.32796779577396,16.586100000000236
3,75,20.47,36.42,14.32796779577396,16.586100000000236
3,76,21.41,37.24,14.32796779577396,16.586100000000236
3,77,22.4,38.16,14.32796779577396,16.586100000000236
3,78,22.68,40.4,14.32796779577396,16.586100000000236
3,79,23.72,38.56,14.32796779577396,16.586100000000236
3,80,23.3,39.15,14.32796779577396,16.586100000000236
3,81,23.68,45.03,14.32796779577396,16.586100000000236
3,82,24.56,42.16,14.32796779577396,16.586100000000236
3,83,23.53,38.48,14.32796779577396,16.586100000000236
3,84,23.69,39.62,14.32796779577396,16.586100000000236
3,85,25.78,39.12,14.32796779577396,16.586100000000236
3,86,25.86,41.47,14.32796779577396,16.586100000000236
3,87,26.37,48.28,14.32796779577396,16.586100000000236
3,88,27.47,50.42,14.32796779577396,16.586100000000236
3,89,26.19,54.52,14.32796779577396,16.586100000000236
3,90,25.7,42.06,14.32796779577396,16.586100000000236
3,91,22.85,45.83,14.32796779577396,16.586100000000236
3,92,23.9,39.76,14.32796779577396,16.586100000000236
3,93,26.82,34.12,14.32796779577396,16.586100000000236
3,94,25.91,33.38,14.32796779577396,16.586100000000236
3,95,25.48,34.41,14.32796779577396,16.586100000000236
3,96,24.86,32.67,14.32796779577396,16.586100000000236
3,97,25.75,30.62,14.32796779577396,16.586100000000236
3,98,26.43,29.37,14.32796779577396,16.586100000000236
3,99,26.94,28.28,14.32796779577396,16.586100000000236
3,100,27.38,29.3,14.32796779577396,16.586100000000236
3,101,28.1,31.42,14.32796779577396,16.586100000000236
3,102,28.62,31.12,14.32796779577396,16.586100000000236
3,103,29.1,34.89,14.32796779577396,16.586100000000236
3,104,25.06,52.77,14.32796779577396,16.586100000000236
3,105,27.73,46.43,14.32796779577396,16.586100000000236
3,106,27.7,43.57,14.32796779577396,16.586100000000236
3,107,25.98,40.25,14.32796779577396,16.586100000000236
3,108,28.55,33.03,14.32796779577396,16.586100000000236
3,109,29.1,34.65,14.32796779577396,16.586100000000236
3,110,27.0,42.64,14.32796779577396,16.586100000000236
3,111,28.24,39.07,14.32796779577396,16.586100000000236
3,112,28.38,34.81,14.32796779577396,16.586100000000236
3,113,28.62,33.44,14.32796779577396,16.586100000000236
3,114,28.09,34.95,14.32796779577396,16.586100000000236
3,115,29.74,32.99,14.32796779577396,16.586100000000236
3,116,31.12,28.93,14.32796779577396,16.586100000000236
3,117,29.35,38.05,14.32796779577396,16.586100000000236
3,118,28.67,37.74,14.32796779577396,16.586100000000236
3,119,25.18,49.2,14.32796779577396,16.586100000000236
3,120,26.58,38.02,14.32796779577396,16.586100000000236
3,121,23.93,38.43,14.32796779577396,16.586100000000236
4,0,11.82,65.78,19.103957061031494,22.114800000000315
4,1,11.26,64.19,19.103957061031494,22.114800000000315
4,2,13.13,51.39,19.103957061031494,22.114800000000315
4,3,12.45,50.52,19.103957061031494,22.114800000000315
4,4,12.36,52.52,19.103957061031494,22.114800000000315
4,5,11.33,56.08,19.103957061031494,22.114800000000315
4,6,11.75,56.02,19.103957061031494,22.114800000000315
4,7,12.68,51.13,19.103957061031494,22.114800000000315
4,8,12.07,56.51,19.103957061031494,22.114800000000315
4,9,10.35,62.5,19.103957061031494,22.114800000000315
4,10,10.05,59.46,19.103957061031494,22.114800000000315
4,11,10.84,56.28,19.103957061031494,22.114800000000315
4,12,12.71,49.98,19.103957061031494,22.114800000000315
4,13,10.86,51.55,19.103957061031494,22.114800000000315
4,14,11.36,48.53,19.103957061031494,22.114800000000315
4,15,12.98,44.96,19.103957061031494,22.114800000000315
4,16,12.66,51.74,19.103957061031494,22.114800000000315
4,17,12.31,57.8,19.103957061031494,22.114800000000315
4,18,13.06,54.36,19.103957061031494,22.114800000000315
4,19,11.44,57.73,19.103957061031494,22.114800000000315
4,20,10.39,59.56,19.103957061031494,22.114800000000315
4,21,11.16,51.74,19.103957061031494,22.114800000000315
4,22,11.4,49.62,19.103957061031494,22.114800000000315
4,23,10.89,53.81,19.103957061031494,22.114800000000315
4,24,11.3,54.22,19.103957061031494,22.114800000000315
4,25,13.49,49.99,19.103957061031494,22.114800000000315
4,26,14.57,52.96,19.103957061031494,22.114800000000315
4,27,16.04,48.21,19.103957061031494,22.114800000000315
4,28,14.67,51.11,19.103957061031494,22.114800000000315
4,29,14.92,51.08,19.103957061031494,22.114800000000315
4,30,14.84,59.66,19.103957061031494,22.114800000000315
4,31,12.94,80.51,19.103957061031494,22.114800000000315
4,32,12.08,62.29,19.103957061031494,22.114800000000315
4,33,12.89,50.79,19.103957061031494,22.114800000000315
4,34,14.06,72.73,19.103957061031494,22.114800000000315
4,35,12.2,70.28,19.103957061031494,22.114800000000315
4,36,10.73,57.86,19.103957061031494,22.114800000000315
4,37,11.47,50.7,19.103957061031494,22.114800000000315
4,38,11.01,50.8,19.103957061031494,22.114800000000315
4,39,13.28,42.71,19.103957061031494,22.114800000000315
4,40,14.85,42.0,19.103957061031494,22.114800000000315
4,41,14.97,46.09,19.103957061031494,22.114800000000315
4,42,16.14,46.38,19.103957061031494,22.114800000000315
4,43,16.73,47.74,19.103957061031494,22.114800000000315
4,44,16.26,48.62,19.103957061031494,22.114800000000315
4,45,16.0,46.88,19.103957061031494,22.114800000000315
4,46,16.47,40.15,19.103957061031494,22.114800000000315
4,47,17.03,39.32,19.103957061031494,22.114800000000315
4,48,17.29,45.65,19.103957061031494,22.114800000000315
4,49,19.37,43.03,19.103957061031494,22.114800000000315
4,50,17.45,54.27,19.103957061031494,22.114800000000315
4,51,15.75,49.43,19.103957061031494,22.114800000000315
4,52,14.95,44.59,19.103957061031494,22.114800000000315
4,53,14.4,40.19,19.103957061031494,22.114800000000315
4,54,14.7,36.89,19.103957061031494,22.114800000000315
4,55,14.27,41.54,19.103957061031494,22.114800000000315
4,56,14.29,40.94,19.103957061031494,22.114800000000315
4,57,14.3,50.33,19.103957061031494,22.114800000000315
4,58,15.96,49.27,19.103957061031494,22.114800000000315
4,59,17.15,49.46,19.103957061031494,22.114800000000315
4,60,18.82,53.55,19.103957061031494,22.114800000000315
4,61,18.26,69.7,19.103957061031494,22.114800000000315
4,62,14.1,64.82,19.103957061031494,22.114800000000315
4,63,12.38,48.2,19.103957061031494,22.114800000000315
4,64,13.25,47.76,19.103957061031494,22.114800000000315
4,65,14.56,46.38,19.103957061031494,22.114800000000315
4,66,16.37,47.26,19.103957061031494,22.114800000000315
4,67,16.71,46.69,19.103957061031494,22.114800000000315
4,68,17.86,46.46,19.103957061031494,22.114800000000315
4,69,19.47,42.01,19.103957061031494,22.114800000000315
4,70,20.69,40.39,19.103957061031494,22.114800000000315
4,71,21.14,42.32,19.103957061031494,22.114800000000315
4,72,19.45,47.41,19.103957061031494,22.114800000000315
4,73,19.46,50.08,19.103957061031494,22.114800000000315
4,74,19.81,45.82,19.103957061031494,22.114800000000315
4,75,20.47,36.42,19.103957061031494,22.114800000000315
4,76,21.41,37.24,19.103957061031494,22.114800000000315
4,77,22.4,38.16,19.103957061031494,22.114800000000315
4,78,22.68,40.4,19.103957061031494,22.114800000000315
4,79,23.72,38.56,19.103957061031494,22.114800000000315
4,80,23.3,39.15,19.103957061031494,22.114800000000315
4,81,23.68,45.03,19.103957061031494,22.114800000000315
4,82,24.56,42.16,19.103957061031494,22.114800000000315
4,83,23.53,38.48,19.103957061031494,22.114800000000315
4,84,23.69,39.62,19.103957061031494,22.114800000000315
4,85,25.78,39.12,19.103957061031494,22.114800000000315
4,86,25.86,41.47,19.103957061031494,22.114800000000315
4,87,26.37,48.28,19.103957061031494,22.114800000000315
4,88,27.47,50.42,19.103957061031494,22.114800000000315
4,89,26.19,54.52,19.103957061031494,22.114800000000315
4,90,25.7,42.06,19.103957061031494,22.114800000000315
4,91,22.85,45.83,19.103957061031494,22.114800000000315
4,92,23.9,39.76,19.103957061031494,22.114800000000315
4,93,26.82,34.12,19.103957061031494,22.114800000000315
4,94,25.91,33.38,19.103957061031494,22.114800000000315
4,95,25.48,34.41,19.103957061031494,22.114800000000315
4,96,24.86,32.67,19.103957061031494,22.114800000000315
4,97,25.75,30.62,19.103957061031494,22.114800000000315
4,98,26.43,29.37,19.103957061031494,22.114800000000315
4,99,26.94,28.28,19.103957061031494,22.114800000000315
4,100,27.38,29.3,19.103957061031494,22.114800000000315
4,101,28.1,31.42,19.103957061031494,22.114800000000315
4,102,28.62,31.12,19.103957061031494,22.114800000000315
4,103,29.1,34.89,19.103957061031494,22.114800000000315
4,104,25.06,52.77,19.103957061031494,22.114800000000315
4,105,27.73,46.43,19.103957061031494,22.114800000000315
4,106,27.7,43.57,19.103957061031494,22.114800000000315
4,107,25.98,40.25,19.103957061031494,22.114800000000315
4,108,28.55,33.03,19.103957061031494,22.114800000000315
4,109,29.1,34.65,19.103957061031494,22.114800000000315
4,110,27.0,42.64,19.103957061031494,22.114800000000315
4,111,28.24,39.07,19.103957061031494,22.114800000000315
4,112,28.38,34.81,19.103957061031494,22.114800000000315
4,113,28.62,33.44,19.103957061031494,22.114800000000315
4,114,28.09,34.95,19.103957061031494,22.114800000000315
4,115,29.74,32.99,19.103957061031494,22.114800000000315
4,116,31.12,28.93,19.103957061031494,22.114800000000315
4,117,29.35,38.05,19.103957061031494,22.114800000000315
4,118,28.67,37.74,19.103957061031494,22.114800000000315
4,119,25.18,49.2,19.103957061031494,22.114800000000315
4,120,26.58,38.02,19.103957061031494,22.114800000000315
4,121,23.93,38.43,19.103957061031494,22.114800000000315
5,0,11.82,65.78,23.879946326289026,27.6435
5,1,11.26,64.19,23.879946326289026,27.6435
5,2,13.13,51.39,23.879946326289026,27.6435
5,3,12.45,50.52,23.879946326289026,27.6435
5,4,12.36,52.52,23.879946326289026,27.6435
5,5,11.33,56.08,23.879946326289026,27.6435
5,6,11.75,56.02,23.879946326289026,27.6435
5,7,12.68,51.13,23.879946326289026,27.6435
5,8,12.07,56.51,23.879946326289026,27.6435
5,9,10.35,62.5,23.879946326289026,27.6435
5,10,10.05,59.46,23.879946326289026,27.6435
5,11,10.84,56.28,23.879946326289026,27.6435
5,12,12.71,49.98,23.879946326289026,27.6435
5,13,10.86,51.55,23.879946326289026,27.6435
5,14,11.36,48.53,23.879946326289026,27.6435
5,15,12.98,44.96,23.879946326289026,27.6435
5,16,12.66,51.74,23.879946326289026,27.6435
5,17,12.31,57.8,23.879946326289026,27.6435
5,18,13.06,54.36,23.879946326289026,27.6435
5,19,11.44,57.73,23.879946326289026,27.6435
5,20,10.39,59.56,23.879946326289026,27.6435
5,21,11.16,51.74,23.879946326289026,27.6435
5,22,11.4,49.62,23.879946326289026,27.6435
5,23,10.89,53.81,23.879946326289026,27.6435
5,24,11.3,54.22,23.879946326289026,27.6435
5,25,13.49,49.99,23.879946326289026,27.6435
5,26,14.57,52.96,23.879946326289026,27.6435
5,27,16.04,48.21,23.879946326289026,27.6435
5,28,14.67,51.11,23.879946326289026,27.6435
5,29,14.92,51.08,23.879946326289026,27.6435
5,30,14.84,59.66,23.879946326289026,27.6435
5,31,12.94,80.51,23.879946326289026,27.6435
5,32,12.08,62.29,23.879946326289026,27.6435
5,33,12.89,50.79,23.879946326289026,27.6435
5,34,14.06,72.73,23.879946326289026,27.6435
5,35,12.2,70.28,23.879946326289026,27.6435
5,36,10.73,57.86,23.879946326289026,27.6435
5,37,11.47,50.7,23.879946326289026,27.6435
5,38,11.01,50.8,23.879946326289026,27.6435
5,39,13.28,42.71,23.879946326289026,27.6435
5,40,14.85,42.0,23.879946326289026,27.6435
5,41,14.97,46.09,23.879946326289026,27.6435
5,42,16.14,46.38,23.879946326289026,27.6435
5,43,16.73,47.74,23.879946326289026,27.6435
5,44,16.26,48.62,23.879946326289026,27.6435
5,45,16.0,46.88,23.879946326289026,27.6435
5,46,16.47,40.15,23.879946326289026,27.6435
5,47,17.03,39.32,23.879946326289026,27.6435
5,48,17.29,45.65,23.879946326289026,27.6435
5,49,19.37,43.03,23.879946326289026,27.6435
5,50,17.45,54.27,23.879946326289026,27.6435
5,51,15.75,49.43,23.879946326289026,27.6435
5,52,14.95,44.59,23.879946326289026,27.6435
5,53,14.4,40.19,23.879946326289026,27.6435
5,54,14.7,36.89,23.879946326289026,27.6435
5,55,14.27,41.54,23.879946326289026,27.6435
5,56,14.29,40.94,23.879946326289026,27.6435
5,57,14.3,50.33,23.879946326289026,27.6435
5,58,15.96,49.27,23.879946326289026,27.6435
5,59,17.15,49.46,23.879946326289026,27.6435
5,60,18.82,53.55,23.879946326289026,27.6435
5,61,18.26,69.7,23.879946326289026,27.6435
5,62,14.1,64.82,23.879946326289026,27.6435
5,63,12.38,48.2,23.879946326289026,27.6435
5,64,13.25,47.76,23.879946326289026,27.6435
5,65,14.56,46.38,23.879946326289026,27.6435
5,66,16.37,47.26,23.879946326289026,27.6435
5,67,16.71,46.69,23.879946326289026,27.6435
5,68,17.86,46.46,23.879946326289026,27.6435
5,69,19.47,42.01,23.879946326289026,27.6435
5,70,20.69,40.39,23.879946326289026,27.6435
5,71,21.14,42.32,23.879946326289026,27.6435
5,72,19.45,47.41,23.879946326289026,27.6435
5,73,19.46,50.08,23.879946326289026,27.6435
5,74,19.81,45.82,23.879946326289026,27.6435
5,75,20.47,36.42,23.879946326289026,27.6435
5,76,21.41,37.24,23.879946326289026,27.6435
5,77,22.4,38.16,23.879946326289026,27.6435
5,78,22.68,40.4,23.879946326289026,27.6435
5,79,23.72,38.56,23.879946326289026,27.6435
5,80,23.3,39.15,23.879946326289026,27.6435
5,81,23.68,45.03,23.879946326289026,27.6435
5,82,24.56,42.16,23.879946326289026,27.6435
5,83,23.53,38.48,23.879946326289026,27.6435
5,84,23.69,39.62,23.879946326289026,27.6435
5,85,25.78,39.12,23.879946326289026,27.6435
5,86,25.86,41.47,23.879946326289026,27.6435
5,87,26.37,48.28,23.879946326289026,27.6435
5,88,27.47,50.42,23.879946326289026,27.6435
5,89,26.19,54.52,23.879946326289026,27.6435
5,90,25.7,42.06,23.879946326289026,27.6435
5,91,22.85,45.83,23.879946326289026,27.6435
5,92,23.9,39.76,23.879946326289026,27.6435
5,93,26.82,34.12,23.879946326289026,27.6435
5,94,25.91,33.38,23.879946326289026,27.6435
5,95,25.48,34.41,23.879946326289026,27.6435
5,96,24.86,32.67,23.879946326289026,27.6435
5,97,25.75,30.62,23.879946326289026,27.6435
5,98,26.43,29.37,23.879946326289026,27.6435
5,99,26.94,28.28,23.879946326289026,27.6435
5,100,27.38,29.3,23.879946326289026,27.6435
5,101,28.1,31.42,23.879946326289026,27.6435
5,102,28.62,31.12,23.879946326289026,27.6435
5,103,29.1,34.89,23.879946326289026,27.6435
5,104,25.06,52.77,23.879946326289026,27.6435
5,105,27.73,46.43,23.879946326289026,27.6435
5,106,27.7,43.57,23.879946326289026,27.6435
5,107,25.98,40.25,23.879946326289026,27.6435
5,108,28.55,33.03,23.879946326289026,27.6435
5,109,29.1,34.65,23.879946326289026,27.6435
5,110,27.0,42.64,23.879946326289026,27.6435
5,111,28.24,39.07,23.879946326289026,27.6435
5,112,28.38,34.81,23.879946326289026,27.6435
5,113,28.62,33.44,23.879946326289026,27.6435
5,114,28.09,34.95,23.879946326289026,27.6435
5,115,29.74,32.99,23.879946326289026,27.6435
5,116,31.12,28.93,23.879946326289026,27.6435
5,117,29.35,38.05,23.879946326289026,27.6435
5,118,28.67,37.74,23.879946326289026,27.6435
5,119,25.18,49.2,23.879946326289026,27.6435
5,120,26.58,38.02,23.879946326289026,27.6435
5,121,23.93,38.43,23.879946326289026,27.6435
6,0,11.82,65.78,28.65593559154792,33.172200000000075
6,1,11.26,64.19,28.65593559154792,33.172200000000075
6,2,13.13,51.39,28.65593559154792,33.172200000000075
6,3,12.45,50.52,28.65593559154792,33.172200000000075
6,4,12.36,52.52,28.65593559154792,33.172200000000075
6,5,11.33,56.08,28.65593559154792,33.172200000000075
6,6,11.75,56.02,28.65593559154792,33.172200000000075
6,7,12.68,51.13,28.65593559154792,33.172200000000075
6,8,12.07,56.51,28.65593559154792,33.172200000000075
6,9,10.35,62.5,28.65593559154792,33.172200000000075
6,10,10.05,59.46,28.65593559154792,33.172200000000075
6,11,10.84,56.28,28.65593559154792,33.172200000000075
6,12,12.71,49.98,28.65593559154792,33.172200000000075
6,13,10.86,51.55,28.65593559154792,33.172200000000075
6,14,11.36,48.53,28.65593559154792,33.172200000000075
6,15,12.98,44.96,28.65593559154792,33.172200000000075
6,16,12.66,51.74,28.65593559154792,33.172200000000075
6,17,12.31,57.8,28.65593559154792,33.172200000000075
6,18,13.06,54.36,28.65593559154792,33.172200000000075
6,19,11.44,57.73,28.65593559154792,33.172200000000075
6,20,10.39,59.56,28.65593559154792,33.172200000000075
6,21,11.16,51.74,28.65593559154792,33.172200000000075
6,22,11.4,49.62,28.65593559154792,33.172200000000075
6,23,10.89,53.81,28.65593559154792,33.172200000000075
6,24,11.3,54.22,28.65593559154792,33.172200000000075
6,25,13.49,49.99,28.65593559154792,33.172200000000075
6,26,14.57,52.96,28.65593559154792,33.172200000000075
6,27,16.04,48.21,28.65593559154792,33.172200000000075
6,28,14.67,51.11,28.65593559154792,33.172200000000075
6,29,14.92,51.08,28.65593559154792,33.172200000000075
6,30,14.84,59.66,28.65593559154792,33.172200000000075
6,31,12.94,80.51,28.65593559154792,33.172200000000075
6,32,12.08,62.29,28.65593559154792,33.172200000000075
6,33,12.89,50.79,28.65593559154792,33.172200000000075
6,34,14.06,72.73,28.65593559154792,33.172200000000075
6,35,12.2,70.28,28.65593559154792,33.172200000000075
6,36,10.73,57.86,28.65593559154792,33.172200000000075
6,37,11.47,50.7,28.65593559154792,33.172200000000075
6,38,11.01,50.8,28.65593559154792,33.172200000000075
6,39,13.28,42.71,28.65593559154792,33.172200000000075
6,40,14.85,42.0,28.65593559154792,33.172200000000075
6,41,14.97,46.09,28.65593559154792,33.172200000000075
6,42,16.14,46.38,28.65593559154792,33.172200000000075
6,43,16.73,47.74,28.65593559154792,33.172200000000075
6,44,16.26,48.62,28.65593559154792,33.172200000000075
6,45,16.0,46.88,28.65593559154792,33.172200000000075
6,46,16.47,40.15,28.65593559154792,33.172200000000075
6,47,17.03,39.32,28.65593559154792,33.172200000000075
6,48,17.29,45.65,28.65593559154792,33.172200000000075
6,49,19.37,43.03,28.65593559154792,33.172200000000075
6,50,17.45,54.27,28.65593559154792,33.172200000000075
6,51,15.75,49.43,28.65593559154792,33.172200000000075
6,52,14.95,44.59,28.65593559154792,33.172200000000075
6,53,14.4,40.19,28.65593559154792,33.172200000000075
6,54,14.7,36.89,28.65593559154792,33.172200000000075
6,55,14.27,41.54,28.65593559154792,33.172200000000075
6,56,14.29,40.94,28.65593559154792,33.172200000000075
6,57,14.3,50.33,28.65593559154792,33.172200000000075
6,58,15.96,49.27,28.65593559154792,33.172200000000075
6,59,17.15,49.46,28.65593559154792,33.172200000000075
6,60,18.82,53.55,28.65593559154792,33.172200000000075
6,61,18.26,69.7,28.65593559154792,33.172200000000075
6,62,14.1,64.82,28.65593559154792,33.172200000000075
6,63,12.38,48.2,28.65593559154792,33.172200000000075
6,64,13.25,47.76,28.65593559154792,33.172200000000075
6,65,14.56,46.38,28.65593559154792,33.172200000000075
6,66,16.37,47.26,28.65593559154792,33.172200000000075
6,67,16.71,46.69,28.65593559154792,33.172200000000075
6,68,17.86,46.46,28.65593559154792,33.172200000000075
6,69,19.47,42.01,28.65593559154792,33.172200000000075
6,70,20.69,40.39,28.65593559154792,33.172200000000075
6,71,21.14,42.32,28.65593559154792,33.172200000000075
6,72,19.45,47.41,28.65593559154792,33.172200000000075
6,73,19.46,50.08,28.65593559154792,33.172200000000075
6,74,19.81,45.82,28.65593559154792,33.172200000000075
6,75,20.47,36.42,28.65593559154792,33.172200000000075
6,76,21.41,37.24,28.65593559154792,33.172200000000075
6,77,22.4,38.16,28.65593559154792,33.172200000000075
6,78,22.68,40.4,28.65593559154792,33.172200000000075
6,79,23.72,38.56,28.65593559154792,33.172200000000075
6,80,23.3,39.15,28.65593559154792,33.172200000000075
6,81,23.68,45.03,28.65593559154792,33.172200000000075
6,82,24.56,42.16,28.65593559154792,33.172200000000075
6,83,23.53,38.48,28.65593559154792,33.172200000000075
6,84,23.69,39.62,28.65593559154792,33.172200000000075
6,85,25.78,39.12,28.65593559154792,33.172200000000075
6,86,25.86,41.47,28.65593559154792,33.172200000000075
6,87,26.37,48.28,28.65593559154792,33.172200000000075
6,88,27.47,50.42,28.65593559154792,33.172200000000075
6,89,26.19,54.52,28.65593559154792,33.172200000000075
6,90,25.7,42.06,28.65593559154792,33.172200000000075
6,91,22.85,45.83,28.65593559154792,33.172200000000075
6,92,23.9,39.76,28.65593559154792,33.172200000000075
6,93,26.82,34.12,28.65593559154792,33.172200000000075
6,94,25.91,33.38,28.65593559154792,33.172200000000075
6,95,25.48,34.41,28.65593559154792,33.172200000000075
6,96,24.86,32.67,28.65593559154792,33.172200000000075
6,97,25.75,30.62,28.65593559154792,33.172200000000075
6,98,26.43,29.37,28.65593559154792,33.172200000000075
6,99,26.94,28.28,28.65593559154792,33.172200000000075
6,100,27.38,29.3,28.65593559154792,33.172200000000075
6,101,28.1,31.42,28.65593559154792,33.172200000000075
6,102,28.62,31.12,28.65593559154792,33.172200000000075
6,103,29.1,34.89,28.65593559154792,33.172200000000075
6,104,25.06,52.77,28.65593559154792,33.172200000000075
6,105,27.73,46.43,28.65593559154792,33.172200000000075
6,106,27.7,43.57,28.65593559154792,33.172200000000075
6,107,25.98,40.25,28.65593559154792,33.172200000000075
6,108,28.55,33.03,28.65593559154792,33.172200000000075
6,109,29.1,34.65,28.65593559154792,33.172200000000075
6,110,27.0,42.64,28.65593559154792,33.172200000000075
6,111,28.24,39.07,28.65593559154792,33.172200000000075
6,112,28.38,34.81,28.65593559154792,33.172200000000075
6,113,28.62,33.44,28.65593559154792,33.172200000000075
6,114,28.09,34.95,28.65593559154792,33.172200000000075
6,115,29.74,32.99,28.65593559154792,33.172200000000075
6,116,31.12,28.93,28.65593559154792,33.172200000000075
6,117,29.35,38.05,28.65593559154792,33.172200000000075
6,118,28.67,37.74,28.65593559154792,33.172200000000075
6,119,25.18,49.2,28.65593559154792,33.172200000000075
6,120,26.58,38.02,28.65593559154792,33.172200000000075
6,121,23.93,38.43,28.65593559154792,33.172200000000075
7,0,11.86,61.5,33.43192485680545,38.70090000000015
7,1,11.1,59.61,33.43192485680545,38.70090000000015
7,2,12.41,50.01,33.43192485680545,38.70090000000015
7,3,12.32,45.67,33.43192485680545,38.70090000000015
7,4,11.84,47.77,33.43192485680545,38.70090000000015
7,5,11.14,50.69,33.43192485680545,38.70090000000015
7,6,11.64,49.5,33.43192485680545,38.70090000000015
7,7,12.4,47.22,33.43192485680545,38.70090000000015
7,8,11.42,55.37,33.43192485680545,38.70090000000015
7,9,10.39,56.98,33.43192485680545,38.70090000000015
7,10,10.15,54.63,33.43192485680545,38.70090000000015
7,11,11.23,51.88,33.43192485680545,38.70090000000015
7,12,12.86,48.44,33.43192485680545,38.70090000000015
7,13,11.43,46.98,33.43192485680545,38.70090000000015
7,14,11.57,45.17,33.43192485680545,38.70090000000015
7,15,12.62,43.66,33.43192485680545,38.70090000000015
7,16,12.47,49.74,33.43192485680545,38.70090000000015
7,17,12.29,54.89,33.43192485680545,38.70090000000015
7,18,12.75,52.58,33.43192485680545,38.70090000000015
7,19,10.92,59.19,33.43192485680545,38.70090000000015
7,20,10.35,58.18,33.43192485680545,38.70090000000015
7,21,10.77,51.78,33.43192485680545,38.70090000000015
7,22,10.95,51.02,33.43192485680545,38.70090000000015
7,23,10.8,53.62,33.43192485680545,38.70090000000015
7,24,11.45,51.35,33.43192485680545,38.70090000000015
7,25,13.16,51.02,33.43192485680545,38.70090000000015
7,26,14.71,49.92,33.43192485680545,38.70090000000015
7,27,15.75,47.89,33.43192485680545,38.70090000000015
7,28,14.28,54.94,33.43192485680545,38.70090000000015
7,29,14.47,52.44,33.43192485680545,38.70090000000015
7,30,13.57,64.19,33.43192485680545,38.70090000000015
7,31,11.63,82.08,33.43192485680545,38.70090000000015
7,32,11.13,60.4,33.43192485680545,38.70090000000015
7,33,12.2,49.59,33.43192485680545,38.70090000000015
7,34,12.84,75.76,33.43192485680545,38.70090000000015
7,35,11.49,71.85,33.43192485680545,38.70090000000015
7,36,10.34,59.74,33.43192485680545,38.70090000000015
7,37,11.09,51.18,33.43192485680545,38.70090000000015
7,38,11.02,47.24,33.43192485680545,38.70090000000015
7,39,13.37,41.17,33.43192485680545,38.70090000000015
7,40,14.46,42.87,33.43192485680545,38.70090000000015
7,41,14.9,43.73,33.43192485680545,38.70090000000015
7,42,15.9,44.22,33.43192485680545,38.70090000000015
7,43,16.19,48.7,33.43192485680545,38.70090000000015
7,44,15.78,47.89,33.43192485680545,38.70090000000015
7,45,15.77,44.94,33.43192485680545,38.70090000000015
7,46,16.38,39.72,33.43192485680545,38.70090000000015
7,47,16.93,39.21,33.43192485680545,38.70090000000015
7,48,16.63,49.3,33.43192485680545,38.70090000000015
7,49,18.06,47.07,33.43192485680545,38.70090000000015
7,50,16.05,58.99,33.43192485680545,38.70090000000015
7,51,14.49,53.65,33.43192485680545,38.70090000000015
7,52,13.63,48.3,33.43192485680545,38.70090000000015
7,53,13.62,38.99,33.43192485680545,38.70090000000015
7,54,13.84,38.65,33.43192485680545,38.70090000000015
7,55,13.1,45.33,33.43192485680545,38.70090000000015
7,56,13.69,41.81,33.43192485680545,38.70090000000015
7,57,13.75,50.02,33.43192485680545,38.70090000000015
7,58,15.32,49.35,33.43192485680545,38.70090000000015
7,59,16.48,49.88,33.43192485680545,38.70090000000015
7,60,17.16,57.47,33.43192485680545,38.70090000000015
7,61,16.18,73.17,33.43192485680545,38.70090000000015
7,62,13.04,69.12,33.43192485680545,38.70090000000015
7,63,11.27,54.63,33.43192485680545,38.70090000000015
7,64,13.37,50.5,33.43192485680545,38.70090000000015
7,65,14.02,50.79,33.43192485680545,38.70090000000015
7,66,15.23,54.78,33.43192485680545,38.70090000000015
7,67,16.14,48.25,33.43192485680545,38.70090000000015
7,68,17.45,46.49,33.43192485680545,38.70090000000015
7,69,18.78,42.77,33.43192485680545,38.70090000000015
7,70,19.59,44.77,33.43192485680545,38.70090000000015
7,71,20.07,47.52,33.43192485680545,38.70090000000015
7,72,18.22,52.6,33.43192485680545,38.70090000000015
7,73,17.8,56.9,33.43192485680545,38.70090000000015
7,74,19.22,45.55,33.43192485680545,38.70090000000015
7,75,19.66,39.62,33.43192485680545,38.70090000000015
7,76,20.57,40.51,33.43192485680545,38.70090000000015
7,77,21.68,40.91,33.43192485680545,38.70090000000015
7,78,21.55,44.23,33.43192485680545,38.70090000000015
7,79,22.46,42.92,33.43192485680545,38.70090000000015
7,80,22.57,43.88,33.43192485680545,38.70090000000015
7,81,21.93,51.81,33.43192485680545,38.70090000000015
7,82,23.45,44.92,33.43192485680545,38.70090000000015
7,83,22.93,39.3,33.43192485680545,38.70090000000015
7,84,22.8,41.43,33.43192485680545,38.70090000000015
7,85,24.91,40.61,33.43192485680545,38.70090000000015
7,86,24.99,44.8,33.43192485680545,38.70090000000015
7,87,25.23,51.11,33.43192485680545,38.70090000000015
7,88,26.7,49.29,33.43192485680545,38.70090000000015
7,89,23.82,61.15,33.43192485680545,38.70090000000015
7,90,23.59,50.15,33.43192485680545,38.70090000000015
7,91,21.69,52.04,33.43192485680545,38.70090000000015
7,92,22.91,46.31,33.43192485680545,38.70090000000015
7,93,25.36,39.28,33.43192485680545,38.70090000000015
7,94,24.13,39.26,33.43192485680545,38.70090000000015
7,95,24.3,38.71,33.43192485680545,38.70090000000015
7,96,23.71,36.78,33.43192485680545,38.70090000000015
7,97,24.61,35.33,33.43192485680545,38.70090000000015
7,98,24.96,34.35,33.43192485680545,38.70090000000015
7,99,25.44,32.99,33.43192485680545,38.70090000000015
7,100,26.01,34.01,33.43192485680545,38.70090000000015
7,101,26.41,36.65,33.43192485680545,38.70090000000015
7,102,27.14,34.89,33.43192485680545,38.70090000000015
7,103,27.71,38.78,33.43192485680545,38.70090000000015
7,104,23.62,58.84,33.43192485680545,38.70090000000015
7,105,25.65,53.95,33.43192485680545,38.70090000000015
7,106,25.57,51.1,33.43192485680545,38.70090000000015
7,107,24.82,42.64,33.43192485680545,38.70090000000015
7,108,27.1,36.05,33.43192485680545,38.70090000000015
7,109,27.77,38.18,33.43192485680545,38.70090000000015
7,110,25.99,44.36,33.43192485680545,38.70090000000015
7,111,27.17,42.93,33.43192485680545,38.70090000000015
7,112,27.09,38.85,33.43192485680545,38.70090000000015
7,113,27.1,36.66,33.43192485680545,38.70090000000015
7,114,26.36,39.34,33.43192485680545,38.70090000000015
7,115,28.15,36.8,33.43192485680545,38.70090000000015
7,116,29.28,33.21,33.43192485680545,38.70090000000015
7,117,26.43,45.53,33.43192485680545,38.70090000000015
7,118,26.9,40.06,33.43192485680545,38.70090000000015
7,119,22.41,57.52,33.43192485680545,38.70090000000015
7,120,24.52,42.8,33.43192485680545,38.70090000000015
7,121,22.74,43.98,33.43192485680545,38.70090000000015
8,0,11.86,61.5,38.20791412206299,44.22960000000023
8,1,11.1,59.61,38.20791412206299,44.22960000000023
8,2,12.41,50.01,38.20791412206299,44.22960000000023
8,3,12.32,45.67,38.20791412206299,44.22960000000023
8,4,11.84,47.77,38.20791412206299,44.22960000000023
8,5,11.14,50.69,38.20791412206299,44.22960000000023
8,6,11.64,49.5,38.20791412206299,44.22960000000023
8,7,12.4,47.22,38.20791412206299,44.22960000000023
8,8,11.42,55.37,38.20791412206299,44.22960000000023
8,9,10.39,56.98,38.20791412206299,44.22960000000023
8,10,10.15,54.63,38.20791412206299,44.22960000000023
8,11,11.23,51.88,38.20791412206299,44.22960000000023
8,12,12.86,48.44,38.20791412206299,44.22960000000023
8,13,11.43,46.98,38.20791412206299,44.22960000000023
8,14,11.57,45.17,38.20791412206299,44.22960000000023
8,15,12.62,43.66,38.20791412206299,44.22960000000023
8,16,12.47,49.74,38.20791412206299,44.22960000000023
8,17,12.29,54.89,38.20791412206299,44.22960000000023
8,18,12.75,52.58,38.20791412206299,44.22960000000023
8,19,10.92,59.19,38.20791412206299,44.22960000000023
8,20,10.35,58.18,38.20791412206299,44.22960000000023
8,21,10.77,51.78,38.20791412206299,44.22960000000023
8,22,10.95,51.02,38.20791412206299,44.22960000000023
8,23,10.8,53.62,38.20791412206299,44.22960000000023
8,24,11.45,51.35,38.20791412206299,44.22960000000023
8,25,13.16,51.02,38.20791412206299,44.22960000000023
8,26,14.71,49.92,38.20791412206299,44.22960000000023
8,27,15.75,47.89,38.20791412206299,44.22960000000023
8,28,14.28,54.94,38.20791412206299,44.22960000000023
8,29,14.47,52.44,38.20791412206299,44.22960000000023
8,30,13.57,64.19,38.20791412206299,44.22960000000023
8,31,11.63,82.08,38.20791412206299,44.22960000000023
8,32,11.13,60.4,38.20791412206299,44.22960000000023
8,33,12.2,49.59,38.20791412206299,44.22960000000023
8,34,12.84,75.76,38.20791412206299,44.22960000000023
8,35,11.49,71.85,38.20791412206299,44.22960000000023
8,36,10.34,59.74,38.20791412206299,44.22960000000023
8,37,11.09,51.18,38.20791412206299,44.22960000000023
8,38,11.02,47.24,38.20791412206299,44.22960000000023
8,39,13.37,41.17,38.20791412206299,44.22960000000023
8,40,14.46,42.87,38.20791412206299,44.22960000000023
8,41,14.9,43.73,38.20791412206299,44.22960000000023
8,42,15.9,44.22,38.20791412206299,44.22960000000023
8,43,16.19,48.7,38.20791412206299,44.22960000000023
8,44,15.78,47.89,38.20791412206299,44.22960000000023
8,45,15.77,44.94,38.20791412206299,44.22960000000023
8,46,16.38,39.72,38.20791412206299,44.22960000000023
8,47,16.93,39.21,38.20791412206299,44.22960000000023
8,48,16.63,49.3,38.20791412206299,44.22960000000023
8,49,18.06,47.07,38.20791412206299,44.22960000000023
8,50,16.05,58.99,38.20791412206299,44.22960000000023
8,51,14.49,53.65,38.20791412206299,44.22960000000023
8,52,13.63,48.3,38.20791412206299,44.22960000000023
8,53,13.62,38.99,38.20791412206299,44.22960000000023
8,54,13.84,38.65,38.20791412206299,44.22960000000023
8,55,13.1,45.33,38.20791412206299,44.22960000000023
8,56,13.69,41.81,38.20791412206299,44.22960000000023
8,57,13.75,50.02,38.20791412206299,44.22960000000023
8,58,15.32,49.35,38.20791412206299,44.22960000000023
8,59,16.48,49.88,38.20791412206299,44.22960000000023
8,60,17.16,57.47,38.20791412206299,44.22960000000023
8,61,16.18,73.17,38.20791412206299,44.22960000000023
8,62,13.04,69.12,38.20791412206299,44.22960000000023
8,63,11.27,54.63,38.20791412206299,44.22960000000023
8,64,13.37,50.5,38.20791412206299,44.22960000000023
8,65,14.02,50.79,38.20791412206299,44.22960000000023
8,66,15.23,54.78,38.20791412206299,44.22960000000023
8,67,16.14,48.25,38.20791412206299,44.22960000000023
8,68,17.45,46.49,38.20791412206299,44.22960000000023
8,69,18.78,42.77,38.20791412206299,44.22960000000023
8,70,19.59,44.77,38.20791412206299,44.22960000000023
8,71,20.07,47.52,38.20791412206299,44.22960000000023
8,72,18.22,52.6,38.20791412206299,44.22960000000023
8,73,17.8,56.9,38.20791412206299,44.22960000000023
8,74,19.22,45.55,38.20791412206299,44.22960000000023
8,75,19.66,39.62,38.20791412206299,44.22960000000023
8,76,20.57,40.51,38.20791412206299,44.22960000000023
8,77,21.68,40.91,38.20791412206299,44.22960000000023
8,78,21.55,44.23,38.20791412206299,44.22960000000023
8,79,22.46,42.92,38.20791412206299,44.22960000000023
8,80,22.57,43.88,38.20791412206299,44.22960000000023
8,81,21.93,51.81,38.20791412206299,44.22960000000023
8,82,23.45,44.92,38.20791412206299,44.22960000000023
8,83,22.93,39.3,38.20791412206299,44.22960000000023
8,84,22.8,41.43,38.20791412206299,44.22960000000023
8,85,24.91,40.61,38.20791412206299,44.22960000000023
8,86,24.99,44.8,38.20791412206299,44.22960000000023
8,87,25.23,51.11,38.20791412206299,44.22960000000023
8,88,26.7,49.29,38.20791412206299,44.22960000000023
8,89,23.82,61.15,38.20791412206299,44.22960000000023
8,90,23.59,50.15,38.20791412206299,44.22960000000023
8,91,21.69,52.04,38.20791412206299,44.22960000000023
8,92,22.91,46.31,38.20791412206299,44.22960000000023
8,93,25.36,39.28,38.20791412206299,44.22960000000023
8,94,24.13,39.26,38.20791412206299,44.22960000000023
8,95,24.3,38.71,38.20791412206299,44.22960000000023
8,96,23.71,36.78,38.20791412206299,44.22960000000023
8,97,24.61,35.33,38.20791412206299,44.22960000000023
8,98,24.96,34.35,38.20791412206299,44.22960000000023
8,99,25.44,32.99,38.20791412206299,44.22960000000023
8,100,26.01,34.01,38.20791412206299,44.22960000000023
8,101,26.41,36.65,38.20791412206299,44.22960000000023
8,102,27.14,34.89,38.20791412206299,44.22960000000023
8,103,27.71,38.78,38.20791412206299,44.22960000000023
8,104,23.62,58.84,38.20791412206299,44.22960000000023
8,105,25.65,53.95,38.20791412206299,44.22960000000023
8,106,25.57,51.1,38.20791412206299,44.22960000000023
8,107,24.82,42.64,38.20791412206299,44.22960000000023
8,108,27.1,36.05,38.20791412206299,44.22960000000023
8,109,27.77,38.18,38.20791412206299,44.22960000000023
8,110,25.99,44.36,38.20791412206299,44.22960000000023
8,111,27.17,42.93,38.20791412206299,44.22960000000023
8,112,27.09,38.85,38.20791412206299,44.22960000000023
8,113,27.1,36.66,38.20791412206299,44.22960000000023
8,114,26.36,39.34,38.20791412206299,44.22960000000023
8,115,28.15,36.8,38.20791412206299,44.22960000000023
8,116,29.28,33.21,38.20791412206299,44.22960000000023
8,117,26.43,45.53,38.20791412206299,44.22960000000023
8,118,26.9,40.06,38.20791412206299,44.22960000000023
8,119,22.41,57.52,38.20791412206299,44.22960000000023
8,120,24.52,42.8,38.20791412206299,44.22960000000023
8,121,22.74,43.98,38.20791412206299,44.22960000000023
9,0,11.86,61.5,42.983903387320524,49.75830000000031
9,1,11.1,59.61,42.983903387320524,49.75830000000031
9,2,12.41,50.01,42.983903387320524,49.75830000000031
9,3,12.32,45.67,42.983903387320524,49.75830000000031
9,4,11.84,47.77,42.983903387320524,49.75830000000031
9,5,11.14,50.69,42.983903387320524,49.75830000000031
9,6,11.64,49.5,42.983903387320524,49.75830000000031
9,7,12.4,47.22,42.983903387320524,49.75830000000031
9,8,11.42,55.37,42.983903387320524,49.75830000000031
9,9,10.39,56.98,42.983903387320524,49.75830000000031
9,10,10.15,54.63,42.983903387320524,49.75830000000031
9,11,11.23,51.88,42.983903387320524,49.75830000000031
9,12,12.86,48.44,42.983903387320524,49.75830000000031
9,13,11.43,46.98,42.983903387320524,49.75830000000031
9,14,11.57,45.17,42.983903387320524,49.75830000000031
9,15,12.62,43.66,42.983903387320524,49.75830000000031
9,16,12.47,49.74,42.983903387320524,49.75830000000031
9,17,12.29,54.89,42.983903387320524,49.75830000000031
9,18,12.75,52.58,42.983903387320524,49.75830000000031
9,19,10.92,59.19,42.983903387320524,49.75830000000031
9,20,10.35,58.18,42.983903387320524,49.75830000000031
9,21,10.77,51.78,42.983903387320524,49.75830000000031
9,22,10.95,51.02,42.983903387320524,49.75830000000031
9,23,10.8,53.62,42.983903387320524,49.75830000000031
9,24,11.45,51.35,42.983903387320524,49.75830000000031
9,25,13.16,51.02,42.983903387320524,49.75830000000031
9,26,14.71,49.92,42.983903387320524,49.75830000000031
9,27,15.75,47.89,42.983903387320524,49.75830000000031
9,28,14.28,54.94,42.983903387320524,49.75830000000031
9,29,14.47,52.44,42.983903387320524,49.75830000000031
9,30,13.57,64.19,42.983903387320524,49.75830000000031
9,31,11.63,82.08,42.983903387320524,49.75830000000031
9,32,11.13,60.4,42.983903387320524,49.75830000000031
9,33,12.2,49.59,42.983903387320524,49.75830000000031
9,34,12.84,75.76,42.983903387320524,49.75830000000031
9,35,11.49,71.85,42.983903387320524,49.75830000000031
9,36,10.34,59.74,42.983903387320524,49.75830000000031
9,37,11.09,51.18,42.983903387320524,49.75830000000031
9,38,11.02,47.24,42.983903387320524,49.75830000000031
9,39,13.37,41.17,42.983903387320524,49.75830000000031
9,40,14.46,42.87,42.983903387320524,49.75830000000031
9,41,14.9,43.73,42.983903387320524,49.75830000000031
9,42,15.9,44.22,42.983903387320524,49.75830000000031
9,43,16.19,48.7,42.983903387320524,49.75830000000031
9,44,15.78,47.89,42.983903387320524,49.75830000000031
9,45,15.77,44.94,42.983903387320524,49.75830000000031
9,46,16.38,39.72,42.983903387320524,49.75830000000031
9,47,16.93,39.21,42.983903387320524,49.75830000000031
9,48,16.63,49.3,42.983903387320524,49.75830000000031
9,49,18.06,47.07,42.983903387320524,49.75830000000031
9,50,16.05,58.99,42.983903387320524,49.75830000000031
9,51,14.49,53.65,42.983903387320524,49.75830000000031
9,52,13.63,48.3,42.983903387320524,49.75830000000031
9,53,13.62,38.99,42.983903387320524,49.75830000000031
9,54,13.84,38.65,42.983903387320524,49.75830000000031
9,55,13.1,45.33,42.983903387320524,49.75830000000031
9,56,13.69,41.81,42.983903387320524,49.75830000000031
9,57,13.75,50.02,42.983903387320524,49.75830000000031
9,58,15.32,49.35,42.983903387320524,49.75830000000031
9,59,16.48,49.88,42.983903387320524,49.75830000000031
9,60,17.16,57.47,42.983903387320524,49.75830000000031
9,61,16.18,73.17,42.983903387320524,49.75830000000031
9,62,13.04,69.12,42.983903387320524,49.75830000000031
9,63,11.27,54.63,42.983903387320524,49.75830000000031
9,64,13.37,50.5,42.983903387320524,49.75830000000031
9,65,14.02,50.79,42.983903387320524,49.75830000000031
9,66,15.23,54.78,42.983903387320524,49.75830000000031
9,67,16.14,48.25,42.983903387320524,49.75830000000031
9,68,17.45,46.49,42.983903387320524,49.75830000000031
9,69,18.78,42.77,42.983903387320524,49.75830000000031
9,70,19.59,44.77,42.983903387320524,49.75830000000031
9,71,20.07,47.52,42.983903387320524,49.75830000000031
9,72,18.22,52.6,42.983903387320524,49.75830000000031
9,73,17.8,56.9,42.983903387320524,49.75830000000031
9,74,19.22,45.55,42.983903387320524,49.75830000000031
9,75,19.66,39.62,42.983903387320524,49.75830000000031
9,76,20.57,40.51,42.983903387320524,49.75830000000031
9,77,21.68,40.91,42.983903387320524,49.75830000000031
9,78,21.55,44.23,42.983903387320524,49.75830000000031
9,79,22.46,42.92,42.983903387320524,49.75830000000031
9,80,22.57,43.88,42.983903387320524,49.75830000000031
9,81,21.93,51.81,42.983903387320524,49.75830000000031
9,82,23.45,44.92,42.983903387320524,49.75830000000031
9,83,22.93,39.3,42.983903387320524,49.75830000000031
9,84,22.8,41.43,42.983903387320524,49.75830000000031
9,85,24.91,40.61,42.983903387320524,49.75830000000031
9,86,24.99,44.8,42.983903387320524,49.75830000000031
9,87,25.23,51.11,42.983903387320524,49.75830000000031
9,88,26.7,49.29,42.983903387320524,49.75830000000031
9,89,23.82,61.15,42.983903387320524,49.75830000000031
9,90,23.59,50.15,42.983903387320524,49.75830000000031
9,91,21.69,52.04,42.983903387320524,49.75830000000031
9,92,22.91,46.31,42.983903387320524,49.75830000000031
9,93,25.36,39.28,42.983903387320524,49.75830000000031
9,94,24.13,39.26,42.983903387320524,49.75830000000031
9,95,24.3,38.71,42.983903387320524,49.75830000000031
9,96,23.71,36.78,42.983903387320524,49.75830000000031
9,97,24.61,35.33,42.983903387320524,49.75830000000031
9,98,24.96,34.35,42.983903387320524,49.75830000000031
9,99,25.44,32.99,42.983903387320524,49.75830000000031
9,100,26.01,34.01,42.983903387320524,49.75830000000031
9,101,26.41,36.65,42.983903387320524,49.75830000000031
9,102,27.14,34.89,42.983903387320524,49.75830000000031
9,103,27.71,38.78,42.983903387320524,49.75830000000031
9,104,23.62,58.84,42.983903387320524,49.75830000000031
9,105,25.65,53.95,42.983903387320524,49.75830000000031
9,106,25.57,51.1,42.983903387320524,49.75830000000031
9,107,24.82,42.64,42.983903387320524,49.75830000000031
9,108,27.1,36.05,42.983903387320524,49.75830000000031
9,109,27.77,38.18,42.983903387320524,49.75830000000031
9,110,25.99,44.36,42.983903387320524,49.75830000000031
9,111,27.17,42.93,42.983903387320524,49.75830000000031
9,112,27.09,38.85,42.983903387320524,49.75830000000031
9,113,27.1,36.66,42.983903387320524,49.75830000000031
9,114,26.36,39.34,42.983903387320524,49.75830000000031
9,115,28.15,36.8,42.983903387320524,49.75830000000031
9,116,29.28,33.21,42.983903387320524,49.75830000000031
9,117,26.43,45.53,42.983903387320524,49.75830000000031
9,118,26.9,40.06,42.983903387320524,49.75830000000031
9,119,22.41,57.52,42.983903387320524,49.75830000000031
9,120,24.52,42.8,42.983903387320524,49.75830000000031
9,121,22.74,43.98,42.983903387320524,49.75830000000031
10,0,11.86,61.5,47.75989265257805,55.287
10,1,11.1,59.61,47.75989265257805,55.287
10,2,12.41,50.01,47.75989265257805,55.287
10,3,12.32,45.67,47.75989265257805,55.287
10,4,11.84,47.77,47.75989265257805,55.287
10,5,11.14,50.69,47.75989265257805,55.287
10,6,11.64,49.5,47.75989265257805,55.287
10,7,12.4,47.22,47.75989265257805,55.287
10,8,11.42,55.37,47.75989265257805,55.287
10,9,10.39,56.98,47.75989265257805,55.287
10,10,10.15,54.63,47.75989265257805,55.287
10,11,11.23,51.88,47.75989265257805,55.287
10,12,12.86,48.44,47.75989265257805,55.287
10,13,11.43,46.98,47.75989265257805,55.287
10,14,11.57,45.17,47.75989265257805,55.287
10,15,12.62,43.66,47.75989265257805,55.287
10,16,12.47,49.74,47.75989265257805,55.287
10,17,12.29,54.89,47.75989265257805,55.287
10,18,12.75,52.58,47.75989265257805,55.287
10,19,10.92,59.19,47.75989265257805,55.287
10,20,10.35,58.18,47.75989265257805,55.287
10,21,10.77,51.78,47.75989265257805,55.287
10,22,10.95,51.02,47.75989265257805,55.287
10,23,10.8,53.62,47.75989265257805,55.287
10,24,11.45,51.35,47.75989265257805,55.287
10,25,13.16,51.02,47.75989265257805,55.287
10,26,14.71,49.92,47.75989265257805,55.287
10,27,15.75,47.89,47.75989265257805,55.287
10,28,14.28,54.94,47.75989265257805,55.287
10,29,14.47,52.44,47.75989265257805,55.287
10,30,13.57,64.19,47.75989265257805,55.287
10,31,11.63,82.08,47.75989265257805,55.287
10,32,11.13,60.4,47.75989265257805,55.287
10,33,12.2,49.59,47.75989265257805,55.287
10,34,12.84,75.76,47.75989265257805,55.287
10,35,11.49,71.85,47.75989265257805,55.287
10,36,10.34,59.74,47.75989265257805,55.287
10,37,11.09,51.18,47.75989265257805,55.287
10,38,11.02,47.24,47.75989265257805,55.287
10,39,13.37,41.17,47.75989265257805,55.287
10,40,14.46,42.87,47.75989265257805,55.287
10,41,14.9,43.73,47.75989265257805,55.287
10,42,15.9,44.22,47.75989265257805,55.287
10,43,16.19,48.7,47.75989265257805,55.287
10,44,15.78,47.89,47.75989265257805,55.287
10,45,15.77,44.94,47.75989265257805,55.287
10,46,16.38,39.72,47.75989265257805,55.287
10,47,16.93,39.21,47.75989265257805,55.287
10,48,16.63,49.3,47.75989265257805,55.287
10,49,18.06,47.07,47.75989265257805,55.287
10,50,16.05,58.99,47.75989265257805,55.287
10,51,14.49,53.65,47.75989265257805,55.287
10,52,13.63,48.3,47.75989265257805,55.287
10,53,13.62,38.99,47.75989265257805,55.287
10,54,13.84,38.65,47.75989265257805,55.287
10,55,13.1,45.33,47.75989265257805,55.287
10,56,13.69,41.81,47.75989265257805,55.287
10,57,13.75,50.02,47.75989265257805,55.287
10,58,15.32,49.35,47.75989265257805,55.287
10,59,16.48,49.88,47.75989265257805,55.287
10,60,17.16,57.47,47.75989265257805,55.287
10,61,16.18,73.17,47.75989265257805,55.287
10,62,13.04,69.12,47.75989265257805,55.287
10,63,11.27,54.63,47.75989265257805,55.287
10,64,13.37,50.5,47.75989265257805,55.287
10,65,14.02,50.79,47.75989265257805,55.287
10,66,15.23,54.78,47.75989265257805,55.287
10,67,16.14,48.25,47.75989265257805,55.287
10,68,17.45,46.49,47.75989265257805,55.287
10,69,18.78,42.77,47.75989265257805,55.287
10,70,19.59,44.77,47.75989265257805,55.287
10,71,20.07,47.52,47.75989265257805,55.287
10,72,18.22,52.6,47.75989265257805,55.287
10,73,17.8,56.9,47.75989265257805,55.287
10,74,19.22,45.55,47.75989265257805,55.287
10,75,19.66,39.62,47.75989265257805,55.287
10,76,20.57,40.51,47.75989265257805,55.287
10,77,21.68,40.91,47.75989265257805,55.287
10,78,21.55,44.23,47.75989265257805,55.287
10,79,22.46,42.92,47.75989265257805,55.287
10,80,22.57,43.88,47.75989265257805,55.287
10,81,21.93,51.81,47.75989265257805,55.287
10,82,23.45,44.92,47.75989265257805,55.287
10,83,22.93,39.3,47.75989265257805,55.287
10,84,22.8,41.43,47.75989265257805,55.287
10,85,24.91,40.61,47.75989265257805,55.287
10,86,24.99,44.8,47.75989265257805,55.287
10,87,25.23,51.11,47.75989265257805,55.287
10,88,26.7,49.29,47.75989265257805,55.287
10,89,23.82,61.15,47.75989265257805,55.287
10,90,23.59,50.15,47.75989265257805,55.287
10,91,21.69,52.04,47.75989265257805,55.287
10,92,22.91,46.31,47.75989265257805,55.287
10,93,25.36,39.28,47.75989265257805,55.287
10,94,24.13,39.26,47.75989265257805,55.287
10,95,24.3,38.71,47.75989265257805,55.287
10,96,23.71,36.78,47.75989265257805,55.287
10,97,24.61,35.33,47.75989265257805,55.287
10,98,24.96,34.35,47.75989265257805,55.287
10,99,25.44,32.99,47.75989265257805,55.287
10,100,26.01,34.01,47.75989265257805,55.287
10,101,26.41,36.65,47.75989265257805,55.287
10,102,27.14,34.89,47.75989265257805,55.287
10,103,27.71,38.78,47.75989265257805,55.287
10,104,23.62,58.84,47.75989265257805,55.287
10,105,25.65,53.95,47.75989265257805,55.287
10,106,25.57,51.1,47.75989265257805,55.287
10,107,24.82,42.64,47.75989265257805,55.287
10,108,27.1,36.05,47.75989265257805,55.287
10,109,27.77,38.18,47.75989265257805,55.287
10,110,25.99,44.36,47.75989265257805,55.287
10,111,27.17,42.93,47.75989265257805,55.287
10,112,27.09,38.85,47.75989265257805,55.287
10,113,27.1,36.66,47.75989265257805,55.287
10,114,26.36,39.34,47.75989265257805,55.287
10,115,28.15,36.8,47.75989265257805,55.287
10,116,29.28,33.21,47.75989265257805,55.287
10,117,26.43,45.53,47.75989265257805,55.287
10,118,26.9,40.06,47.75989265257805,55.287
10,119,22.41,57.52,47.75989265257805,55.287
10,120,24.52,42.8,47.75989265257805,55.287
10,121,22.74,43.98,47.75989265257805,55.287
11,0,11.86,61.5,52.535881917836946,60.81570000000008
11,1,11.1,59.61,52.535881917836946,60.81570000000008
11,2,12.41,50.01,52.535881917836946,60.81570000000008
11,3,12.32,45.67,52.535881917836946,60.81570000000008
11,4,11.84,47.77,52.535881917836946,60.81570000000008
11,5,11.14,50.69,52.535881917836946,60.81570000000008
11,6,11.64,49.5,52.535881917836946,60.81570000000008
11,7,12.4,47.22,52.535881917836946,60.81570000000008
11,8,11.42,55.37,52.535881917836946,60.81570000000008
11,9,10.39,56.98,52.535881917836946,60.81570000000008
11,10,10.15,54.63,52.535881917836946,60.81570000000008
11,11,11.23,51.88,52.535881917836946,60.81570000000008
11,12,12.86,48.44,52.535881917836946,60.81570000000008
11,13,11.43,46.98,52.535881917836946,60.81570000000008
11,14,11.57,45.17,52.535881917836946,60.81570000000008
11,15,12.62,43.66,52.535881917836946,60.81570000000008
11,16,12.47,49.74,52.535881917836946,60.81570000000008
11,17,12.29,54.89,52.535881917836946,60.81570000000008
11,18,12.75,52.58,52.535881917836946,60.81570000000008
11,19,10.92,59.19,52.535881917836946,60.81570000000008
11,20,10.35,58.18,52.535881917836946,60.81570000000008
11,21,10.77,51.78,52.535881917836946,60.81570000000008
11,22,10.95,51.02,52.535881917836946,60.81570000000008
11,23,10.8,53.62,52.535881917836946,60.81570000000008
11,24,11.45,51.35,52.535881917836946,60.81570000000008
11,25,13.16,51.02,52.535881917836946,60.81570000000008
11,26,14.71,49.92,52.535881917836946,60.81570000000008
11,27,15.75,47.89,52.535881917836946,60.81570000000008
11,28,14.28,54.94,52.535881917836946,60.81570000000008
11,29,14.47,52.44,52.535881917836946,60.81570000000008
11,30,13.57,64.19,52.535881917836946,60.81570000000008
11,31,11.63,82.08,52.535881917836946,60.81570000000008
11,32,11.13,60.4,52.535881917836946,60.81570000000008
11,33,12.2,49.59,52.535881917836946,60.81570000000008
11,34,12.84,75.76,52.535881917836946,60.81570000000008
11,35,11.49,71.85,52.535881917836946,60.81570000000008
11,36,10.34,59.74,52.535881917836946,60.81570000000008
11,37,11.09,51.18,52.535881917836946,60.81570000000008
11,38,11.02,47.24,52.535881917836946,60.81570000000008
11,39,13.37,41.17,52.535881917836946,60.81570000000008
11,40,14.46,42.87,52.535881917836946,60.81570000000008
11,41,14.9,43.73,52.535881917836946,60.81570000000008
11,42,15.9,44.22,52.535881917836946,60.81570000000008
11,43,16.19,48.7,52.535881917836946,60.81570000000008
11,44,15.78,47.89,52.535881917836946,60.81570000000008
11,45,15.77,44.94,52.535881917836946,60.81570000000008
11,46,16.38,39.72,52.535881917836946,60.81570000000008
11,47,16.93,39.21,52.535881917836946,60.81570000000008
11,48,16.63,49.3,52.535881917836946,60.81570000000008
11,49,18.06,47.07,52.535881917836946,60.81570000000008
11,50,16.05,58.99,52.535881917836946,60.81570000000008
11,51,14.49,53.65,52.535881917836946,60.81570000000008
11,52,13.63,48.3,52.535881917836946,60.81570000000008
11,53,13.62,38.99,52.535881917836946,60.81570000000008
11,54,13.84,38.65,52.535881917836946,60.81570000000008
11,55,13.1,45.33,52.535881917836946,60.81570000000008
11,56,13.69,41.81,52.535881917836946,60.81570000000008
11,57,13.75,50.02,52.535881917836946,60.81570000000008
11,58,15.32,49.35,52.535881917836946,60.81570000000008
11,59,16.48,49.88,52.535881917836946,60.81570000000008
11,60,17.16,57.47,52.535881917836946,60.81570000000008
11,61,16.18,73.17,52.535881917836946,60.81570000000008
11,62,13.04,69.12,52.535881917836946,60.81570000000008
11,63,11.27,54.63,52.535881917836946,60.81570000000008
11,64,13.37,50.5,52.535881917836946,60.81570000000008
11,65,14.02,50.79,52.535881917836946,60.81570000000008
11,66,15.23,54.78,52.535881917836946,60.81570000000008
11,67,16.14,48.25,52.535881917836946,60.81570000000008
11,68,17.45,46.49,52.535881917836946,60.81570000000008
11,69,18.78,42.77,52.535881917836946,60.81570000000008
11,70,19.59,44.77,52.535881917836946,60.81570000000008
11,71,20.07,47.52,52.535881917836946,60.81570000000008
11,72,18.22,52.6,52.535881917836946,60.81570000000008
11,73,17.8,56.9,52.535881917836946,60.81570000000008
11,74,19.22,45.55,52.535881917836946,60.81570000000008
11,75,19.66,39.62,52.535881917836946,60.81570000000008
11,76,20.57,40.51,52.535881917836946,60.81570000000008
11,77,21.68,40.91,52.535881917836946,60.81570000000008
11,78,21.55,44.23,52.535881917836946,60.81570000000008
11,79,22.46,42.92,52.535881917836946,60.81570000000008
11,80,22.57,43.88,52.535881917836946,60.81570000000008
11,81,21.93,51.81,52.535881917836946,60.81570000000008
11,82,23.45,44.92,52.535881917836946,60.81570000000008
11,83,22.93,39.3,52.535881917836946,60.81570000000008
11,84,22.8,41.43,52.535881917836946,60.81570000000008
11,85,24.91,40.61,52.535881917836946,60.81570000000008
11,86,24.99,44.8,52.535881917836946,60.81570000000008
11,87,25.23,51.11,52.535881917836946,60.81570000000008
11,88,26.7,49.29,52.535881917836946,60.81570000000008
11,89,23.82,61.15,52.535881917836946,60.81570000000008
11,90,23.59,50.15,52.535881917836946,60.81570000000008
11,91,21.69,52.04,52.535881917836946,60.81570000000008
11,92,22.91,46.31,52.535881917836946,60.81570000000008
11,93,25.36,39.28,52.535881917836946,60.81570000000008
11,94,24.13,39.26,52.535881917836946,60.81570000000008
11,95,24.3,38.71,52.535881917836946,60.81570000000008
11,96,23.71,36.78,52.535881917836946,60.81570000000008
11,97,24.61,35.33,52.535881917836946,60.81570000000008
11,98,24.96,34.35,52.535881917836946,60.81570000000008
11,99,25.44,32.99,52.535881917836946,60.81570000000008
11,100,26.01,34.01,52.535881917836946,60.81570000000008
11,101,26.41,36.65,52.535881917836946,60.81570000000008
11,102,27.14,34.89,52.535881917836946,60.81570000000008
11,103,27.71,38.78,52.535881917836946,60.81570000000008
11,104,23.62,58.84,52.535881917836946,60.81570000000008
11,105,25.65,53.95,52.535881917836946,60.81570000000008
11,106,25.57,51.1,52.535881917836946,60.81570000000008
11,107,24.82,42.64,52.535881917836946,60.81570000000008
11,108,27.1,36.05,52.535881917836946,60.81570000000008
11,109,27.77,38.18,52.535881917836946,60.81570000000008
11,110,25.99,44.36,52.535881917836946,60.81570000000008
11,111,27.17,42.93,52.535881917836946,60.81570000000008
11,112,27.09,38.85,52.535881917836946,60.81570000000008
11,113,27.1,36.66,52.535881917836946,60.81570000000008
11,114,26.36,39.34,52.535881917836946,60.81570000000008
11,115,28.15,36.8,52.535881917836946,60.81570000000008
11,116,29.28,33.21,52.535881917836946,60.81570000000008
11,117,26.43,45.53,52.535881917836946,60.81570000000008
11,118,26.9,40.06,52.535881917836946,60.81570000000008
11,119,22.41,57.52,52.535881917836946,60.81570000000008
11,120,24.52,42.8,52.535881917836946,60.81570000000008
11,121,22.74,43.98,52.535881917836946,60.81570000000008
